sample_id,all_lof_gene_count,goner_lof_gene_count,total_maf_variant_count,library_size
TCGA-2J-AAB1,9,0,68,4.47018e+07
TCGA-2J-AAB4,3,1,36,5.060457e+07
TCGA-2J-AAB6,7,0,64,3.931245e+07
TCGA-2J-AAB8,9,0,52,2.2365812e+07
TCGA-2J-AAB9,2,0,19,2.1834696e+07
TCGA-2J-AABA,9,0,32,3.3395268e+07
TCGA-2J-AABE,4,0,40,3.5136644e+07
TCGA-2J-AABF,6,0,52,5.795964e+07
TCGA-2J-AABH,7,0,50,5.493066e+07
TCGA-2J-AABI,5,0,39,6.152627e+07
TCGA-2J-AABK,4,0,37,5.3060772e+07
TCGA-2J-AABO,1,0,67,2.812546e+07
TCGA-2J-AABP,6,0,113,4.100819e+07
TCGA-2J-AABR,1,0,6,3.4193876e+07
TCGA-2J-AABT,6,0,25,3.572084e+07
TCGA-2J-AABV,1,0,7,4.009801e+07
TCGA-2L-AAQA,7,1,64,5.4624864e+07
TCGA-2L-AAQE,2,0,38,4.482055e+07
TCGA-2L-AAQI,5,0,36,4.495889e+07
TCGA-2L-AAQJ,11,1,95,4.7106536e+07
TCGA-2L-AAQL,6,1,66,3.577256e+07
TCGA-2L-AAQM,5,0,34,3.844937e+07
TCGA-3A-A9I5,4,0,31,3.943327e+07
TCGA-3A-A9I7,0,0,14,5.3455292e+07
TCGA-3A-A9I9,13,1,112,4.783264e+07
TCGA-3A-A9IB,4,0,44,5.660058e+07
TCGA-3A-A9IC,2,0,37,4.8740096e+07
TCGA-3A-A9IH,3,0,56,5.7223828e+07
TCGA-3A-A9IJ,2,0,19,4.308244e+07
TCGA-3A-A9IL,0,0,5,4.3267012e+07
TCGA-3A-A9IN,9,0,33,4.4290624e+07
TCGA-3A-A9IO,2,0,10,4.80875e+07
TCGA-3A-A9IR,2,0,18,5.445569e+07
TCGA-3A-A9IS,5,3,37,4.7999836e+07
TCGA-3A-A9IU,5,0,36,5.1876068e+07
TCGA-3A-A9IV,4,0,51,3.8624984e+07
TCGA-3A-A9IX,1,0,14,5.6901316e+07
TCGA-3A-A9IZ,8,0,64,2.9872576e+07
TCGA-3A-A9J0,10,1,89,4.367975e+07
TCGA-3E-AAAY,3,0,27,4.3882436e+07
TCGA-3E-AAAZ,7,1,52,5.966643e+07
TCGA-F2-6879,4,0,38,6.95078e+07
TCGA-F2-6880,0,0,1,4.8131628e+07
TCGA-F2-7273,0,0,1,8.425752e+07
TCGA-F2-A44G,8,3,48,4.022848e+07
TCGA-F2-A44H,2,0,18,2.4762466e+07
TCGA-F2-A7TX,5,0,49,4.9882164e+07
TCGA-F2-A8YN,7,0,58,4.397142e+07
TCGA-FB-A4P6,0,0,1,2.9478568e+07
TCGA-FB-A5VM,3,0,58,4.477627e+07
TCGA-FB-A78T,5,0,51,5.498623e+07
TCGA-FB-A7DR,6,1,42,4.871159e+07
TCGA-FB-AAPP,8,0,114,2.958732e+07
TCGA-FB-AAPQ,7,1,44,2.6000636e+07
TCGA-FB-AAPS,1,0,27,3.714899e+07
TCGA-FB-AAPU,8,1,87,6.1616024e+07
TCGA-FB-AAPY,2,0,32,4.4307532e+07
TCGA-FB-AAPZ,5,0,44,2.9906648e+07
TCGA-FB-AAQ0,2,0,44,3.8088256e+07
TCGA-FB-AAQ1,3,0,40,4.6102564e+07
TCGA-FB-AAQ2,3,0,39,4.7935684e+07
TCGA-FB-AAQ3,6,0,42,3.4131656e+07
TCGA-FB-AAQ6,8,0,65,2.275306e+07
TCGA-H6-8124,3,0,39,5.497581e+07
TCGA-H6-A45N,0,0,24,3.4845596e+07
TCGA-H8-A6C1,4,0,27,4.315723e+07
TCGA-HV-A5A3,5,0,40,3.9608024e+07
TCGA-HV-A5A4,5,0,42,3.9890612e+07
TCGA-HV-A5A5,0,0,18,3.8362572e+07
TCGA-HV-A5A6,6,0,49,4.0217948e+07
TCGA-HV-A7OL,6,0,53,3.9574548e+07
TCGA-HV-A7OP,8,0,103,3.165991e+07
TCGA-HV-AA8V,0,0,34,4.965925e+07
TCGA-HV-AA8X,8,0,56,4.8836444e+07
TCGA-HZ-7289,9,0,82,5.2308096e+07
TCGA-HZ-7918,12,1,133,5.7046828e+07
TCGA-HZ-7919,4,0,61,5.294443e+07
TCGA-HZ-7920,0,0,1,6.574519e+07
TCGA-HZ-7922,6,0,48,5.340668e+07
TCGA-HZ-7925,5,1,29,7.52024e+07
TCGA-HZ-7926,8,1,40,6.987818e+07
TCGA-HZ-8001,3,0,47,5.906258e+07
TCGA-HZ-8002,0,0,9,5.6529404e+07
TCGA-HZ-8003,0,0,13,6.4813736e+07
TCGA-HZ-8005,8,0,60,5.351917e+07
TCGA-HZ-8315,6,0,66,6.195333e+07
TCGA-HZ-8317,0,0,13,5.849751e+07
TCGA-HZ-8636,1,1,49,6.584443e+07
TCGA-HZ-8637,0,0,32,7.160266e+07
TCGA-HZ-A49H,1,0,11,4.367636e+07
TCGA-HZ-A49I,7,0,51,3.901075e+07
TCGA-HZ-A4BH,1,0,65,4.3259476e+07
TCGA-HZ-A4BK,3,1,53,4.342825e+07
TCGA-HZ-A77O,1,0,28,4.6978656e+07
TCGA-HZ-A77P,3,0,45,5.941927e+07
TCGA-HZ-A77Q,8,0,55,3.8452748e+07
TCGA-HZ-A8P0,3,0,42,3.7800812e+07
TCGA-HZ-A8P1,10,0,64,3.701148e+07
TCGA-HZ-A9TJ,11,1,157,5.0125948e+07
TCGA-IB-7644,1,0,31,6.776184e+07
TCGA-IB-7645,4,0,29,5.1288704e+07
TCGA-IB-7646,9,1,66,4.590645e+07
TCGA-IB-7647,5,0,52,8.1767544e+07
TCGA-IB-7649,4,0,38,3.408011e+07
TCGA-IB-7651,1071,93,17551,7.9188216e+07
TCGA-IB-7652,11,2,97,8.026062e+07
TCGA-IB-7654,4,1,41,7.790778e+07
TCGA-IB-7885,2,0,44,6.9005144e+07
TCGA-IB-7886,5,0,53,5.7346308e+07
TCGA-IB-7887,7,0,29,6.241511e+07
TCGA-IB-7888,2,0,27,3.9608016e+07
TCGA-IB-7889,4,0,44,5.6786676e+07
TCGA-IB-7890,4,0,67,4.3906256e+07
TCGA-IB-7891,4,0,27,5.6011964e+07
TCGA-IB-7893,1,0,38,6.5830068e+07
TCGA-IB-7897,1,0,3,5.6333124e+07
TCGA-IB-8126,1,0,12,5.562461e+07
TCGA-IB-8127,7,1,43,8.393584e+07
TCGA-IB-A5SO,4,0,26,5.9927944e+07
TCGA-IB-A5SP,8,0,50,4.4019016e+07
TCGA-IB-A5SQ,1,0,35,4.5249748e+07
TCGA-IB-A5SS,6,0,38,5.9878468e+07
TCGA-IB-A5ST,0,0,7,4.9885492e+07
TCGA-IB-A6UF,7,0,57,4.658217e+07
TCGA-IB-A6UG,6,0,67,4.8988372e+07
TCGA-IB-A7LX,3,2,38,4.806878e+07
TCGA-IB-A7M4,7,1,59,4.3037196e+07
TCGA-IB-AAUM,0,0,15,4.7588044e+07
TCGA-IB-AAUN,5,0,31,4.08167e+07
TCGA-IB-AAUO,6,1,46,4.7301052e+07
TCGA-IB-AAUP,1,0,33,4.9893944e+07
TCGA-IB-AAUQ,3,0,62,3.6210892e+07
TCGA-IB-AAUR,0,0,4,4.7799596e+07
TCGA-IB-AAUS,0,0,1,4.76854e+07
TCGA-IB-AAUT,0,0,1,3.7713524e+07
TCGA-IB-AAUU,5,0,45,4.872279e+07
TCGA-IB-AAUW,0,0,1,5.336534e+07
TCGA-LB-A7SX,11,1,112,4.7676736e+07
TCGA-LB-A8F3,5,0,39,5.0107572e+07
TCGA-LB-A9Q5,0,0,14,3.869342e+07
TCGA-M8-A5N4,1,0,33,3.9628228e+07
TCGA-OE-A75W,8,1,88,4.6922164e+07
TCGA-PZ-A5RE,3,0,28,5.5536456e+07
TCGA-Q3-A5QY,1,0,2,4.5557376e+07
TCGA-Q3-AA2A,1,0,23,3.1875144e+07
TCGA-RB-A7B8,3,0,50,4.2415708e+07
TCGA-RB-AA9M,1,0,23,4.5985256e+07
TCGA-S4-A8RM,6,0,49,5.0753268e+07
TCGA-S4-A8RO,9,0,67,4.1555296e+07
TCGA-S4-A8RP,4,0,31,3.9210348e+07
TCGA-US-A774,2,0,21,5.3359796e+07
TCGA-US-A776,4,0,89,4.9055644e+07
TCGA-US-A779,5,0,30,4.315013e+07
TCGA-US-A77E,5,0,77,5.0712784e+07
TCGA-US-A77G,4,0,35,4.537126e+07
TCGA-XD-AAUG,1,0,16,3.540506e+07
TCGA-XD-AAUH,2,0,13,3.906006e+07
TCGA-XD-AAUI,5,0,33,4.382029e+07
TCGA-XD-AAUL,5,0,37,5.2846244e+07
TCGA-XN-A8T3,3,0,44,4.1538844e+07
TCGA-XN-A8T5,0,0,14,3.5723068e+07
TCGA-YB-A89D,2,0,28,4.768119e+07
TCGA-YH-A8SY,10,0,57,4.412883e+07
TCGA-YY-A8LH,8,0,68,4.7976028e+07
TCGA-Z5-AAPL,1,0,8,3.6219696e+07
