Source Member,Gene Symbol
AB000460_at,FAM193A
AB002533_at,RPLP2
AC002045_xpt2_s_at,NPIPA1
AC002115_cds1_at,COX6B1
AJ000099_s_at,HYAL2
AJ001421_at,RER1
D00017_at,ANXA2
D10522_at,MARCKS
D13118_at,ATP5MC1
D13370_at,APEX1
D13413_rna1_s_at,RPL24
D13639_at,CCND2
D13748_at,EIF4A1
D13900_at,ECHS1
D13988_at,GDI2
D14043_at,CD164
D14530_at,RPS23
D14658_at,SPCS2
D14662_at,PRDX6
D14694_at,PTDSS1
D14710_at,ATP5F1A
D14812_at,MORF4L2
D16217_at,CAST
D16562_at,ATP5F1C
D21260_at,CLTC
D21261_at,TAGLN2
D21853_at,EIF4A3
D23660_at,RPL4
D23662_at,NEDD8
D23673_at,MPRIP
D25274_at,RAC1
D26068_at,EIF4H
D26598_at,PSMB3
D26599_at,PSMB2
D26600_at,PSMB4
D29012_at,PSMB6
D29963_at,
D30655_at,EIF4A2
D31767_at,DAZAP2
D31883_at,ABLIM1
D31884_at,JOSD1
D31885_at,ARL6IP1
D31890_at,KARS1
D32050_at,AARS1
D32129_f_at,HLA-A
D38047_at,PSMD8
D42043_at,RFTN1
D43642_at,VPS72
D49400_at,ATP6V1F
D49824_s_at,HLA-B
D50063_at,PSMD7
D50310_at,CCNI
D55654_at,MDH1
D63874_at,HMGB1
D63878_at,SEPTIN2
D78134_at,CIRBP
D78151_at,PSMD2
D78361_at,OAZ1
D78577_s_at,YWHAH
D79205_at,RPL39
D79986_at,BCLAF1
D82348_at,ATIC
D84110_at,RBPMS
D85758_at,ERH
D86963_at,DVL3
D86974_at,NPIPB3
D87258_at,HTRA1
D87442_at,NCSTN
D87735_at,RPL14
D87953_at,NDRG1
D89667_at,PFDN5
D90209_at,ATF4
HG1102-HT1102_at,
HG1153-HT1153_at,
HG1322-HT5143_s_at,
HG1428-HT1428_s_at,
HG1515-HT1515_f_at,
HG1800-HT1823_at,
HG1862-HT1897_at,
HG1980-HT2023_at,
HG2167-HT2237_at,
HG2238-HT2321_s_at,
HG2279-HT2375_at,
HG2639-HT2735_s_at,
HG2788-HT2896_at,
HG2815-HT2931_s_at,
HG2815-HT4023_s_at,
HG2855-HT2995_at,
HG2873-HT3017_at,
HG2915-HT3059_f_at,
HG2917-HT3061_f_at,
HG3076-HT3238_s_at,
HG311-HT311_at,
HG3214-HT3391_at,
HG33-HT33_at,
HG3364-HT3541_at,
HG3514-HT3708_at,
HG3549-HT3751_at,
HG3597-HT3800_f_at,
HG384-HT384_at,
HG417-HT417_s_at,
HG4297-HT4567_at,
HG4319-HT4589_at,
HG4541-HT4946_s_at,
HG4542-HT4947_at,
HG613-HT613_at,
HG658-HT658_f_at,
HG662-HT662_at,
HG821-HT821_at,
HG987-HT987_at,
J00105_s_at,B2M
J02683_s_at,SLC25A5
J03077_s_at,PSAP
J03191_at,PFN1
J03459_at,LTA4H
J03473_at,PARP1
J03592_at,SLC25A6
J03827_at,YBX1
J04164_at,IFITM1
J04173_at,PGAM1
J04182_at,LAMP1
J04456_at,LGALS1
J04615_at,SNRPN
J04617_s_at,EEF1A1
J04823_rna1_at,COX8A
J04988_at,HSP90AB1
J05249_at,RPA2
K02405_f_at,HLA-DQB1
L02426_at,PSMC1
L04483_s_at,RPS21
L06499_at,RPL37A
L06505_at,RPL12
L07633_at,PSME1
L08666_at,VDAC2
L09209_s_at,APLP2
L09604_at,PLP2
L10284_at,CANX
L10338_s_at,HPN
L10413_at,FNTA
L11566_at,RPL18
L11672_at,ZNF91
L12168_at,CAP1
L19527_at,RPL27
L19605_at,ANXA11
L19779_at,H2AC18
L20688_at,ARHGDIB
L20941_at,FTH1
L25080_at,RHOA
L25085_at,SEC61B
L26247_at,EIF1
L28010_at,HNRNPF
L29277_at,STAT3
L33075_at,IQGAP1
L36151_at,PI4KA
L38932_at,BECN1
L38941_at,RPL34
L49380_at,SF1
L76191_at,IRAK1
L76517_at,PSEN1
M10277_s_at,ACTB
M11119_at,LINC02967
M11147_at,FTL
M11353_at,H3-3A
M13450_at,ESD
M13560_s_at,CD74
M13934_cds2_at,RPS14
M14199_s_at,RPSA
M14328_s_at,ENO1
M14483_rna1_s_at,PTMA
M14676_at,FYN
M15182_at,GUSB
M15661_at,RPL36AL
M16342_at,HNRNPC
M17733_at,TMSB4X
M17885_at,RPLP0
M17886_at,RPLP1
M18000_at,RPS17
M19283_at,ACTG1
M19311_s_at,CALM2
M19483_at,ATP5F1B
M20471_at,CLTA
M21142_cds2_s_at,GNAS
M22382_at,HSPD1
M22538_at,NDUFV2
M23254_at,CAPN2
M23323_s_at,CD3E
M23613_at,NPM1
M24194_at,RACK1
M24485_s_at,GSTP1
M26708_s_at,PTMA
M26730_s_at,UQCRB
M26880_at,UBC
M27891_at,CST3
M28713_at,CYB5R3
M29877_at,FUCA1
M30448_s_at,FBL
M31013_at,MYH9
M31303_rna1_at,STMN1
M31520_rna1_s_at,RPS27
M31525_at,HLA-DOA
M31627_at,XBP1
M32405_at,RPS15
M33680_at,CD81
M34539_at,FKBP1A
M34996_s_at,HLA-DQA1
M36072_at,RPL7A
M36341_at,ARF4
M37583_at,H2AZ1
M38591_at,S100A10
M54915_s_at,PIM1
M55409_s_at,EEF1G
M57710_at,LGALS3
M58028_at,UBA1
M60854_at,RPS16
M60858_rna1_at,NCL
M63379_at,CLU
M64716_at,RPS25
M69039_at,C1QBP
M69043_at,NFKBIA
M69066_at,MSN
M74491_at,ARF3
M77232_rna1_at,RPS6
M81601_at,TCEA1
M81757_at,RPS19
M84332_at,ARF1
M84711_at,RPS3A
M86400_at,YWHAZ
M86667_at,NAP1L1
M88279_at,FKBP4
M92843_s_at,ZFP36
M93650_at,PAX6
M93651_at,SET
M94046_at,MAZ
M94880_f_at,
M95627_at,AAMP
M96803_at,SPTBN1
S53911_at,CD34
S54005_s_at,TMSB10
S65738_at,DSTN
S69272_s_at,SERPINB6
S73591_at,TXNIP
S77356_at,
S78771_s_at,BRD2
S79522_at,RPS27A
S82297_at,B2M
U00947_s_at,HNRNPA1
U01337_at,ARAF
U02493_at,NONO
U02570_at,ARHGAP1
U04241_at,TLE5
U05291_at,FMOD
U06155_s_at,
U07418_at,MLH1
U07857_at,SRP14
U09813_at,ATP5MC3
U09953_at,RPL9P7
U11861_at,BUD31
U12255_at,FCGRT
U12404_at,RPL10A
U12465_at,RPL35
U14603_at,PTP4A2
U14968_at,RPL27A
U14969_at,RPL28
U14970_at,RPS5
U14971_at,RPS9
U14972_at,RPS10
U14973_at,RPS29
U15008_at,SNRPD2
U20285_at,GPS1
U24105_at,COPA
U25789_at,RPL21
U28963_at,GPS2
U29607_at,
U32944_at,DYNLL1
U32986_s_at,DDB1
U33821_at,TAX1BP1
U34343_at,NDUFA12
U36341_rna1_at,SLC6A8
U37146_at,NCOR2
U37690_at,POLR2L
U38846_at,CCT4
U39318_at,UBE2D3
U40282_at,ILK
U41371_at,SF3B2
U41635_at,OS9
U43901_rna1_s_at,RPSA
U44839_at,USP11
U45982_at,CCR9
U46025_at,EIF3C
U46692_rna1_at,CSTB
U46751_at,SQSTM1
U47742_at,KAT6A
U49785_at,DDT
U49835_s_at,CHI3L2
U49869_rna1_at,UBB
U50079_s_at,HDAC1
U50523_at,ARPC2
U50733_at,DCTN2
U51004_at,HINT1
U51336_at,ITPK1
U56417_at,AGPAT1
U56637_at,CAPZA1
U57341_r_at,
U57342_at,MLF2
U58682_at,RPS28
U60115_at,FHL1
U61734_s_at,TMED10
U62317_rna3_at,CHKB
U62962_at,EIF3E
U67171_at,SELENOW
U68105_s_at,PABPC1
U70439_s_at,ANP32B
U70660_at,ATOX1
U70735_at,COPS6
U72511_at,PHB2
U72649_at,BTG2
U73379_at,UBE2C
U73824_at,EIF4G2
U77604_at,MGST2
U78027_rna3_at,RPL36A
U79262_at,DHPS
U81556_at,CTDSP2
U82010_rna1_at,COX10
U85193_at,NFIB
U88964_at,ISG20
U90313_at,GSTO1
U90878_at,PDLIM1
U90915_at,COX4I1
U91932_at,AP3S1
U93205_at,CLIC1
U94586_at,NDUFA4
U94855_at,EIF3F
U95040_at,TRIM28
V00572_at,PGK1
V00594_s_at,MT2A
V00599_s_at,TUBBP1
X00274_at,HLA-DRA
X00351_f_at,ACTB
X01677_f_at,GAPDH
X02152_at,LDHA
X02317_at,SOD1
X03100_cds2_at,HLA-DPA1
X03342_at,RPL32
X03689_s_at,EEF1A1
X04106_at,CAPNS1
X04347_s_at,HNRNPA1
X04526_at,GNB1
X04654_s_at,SNRNP70
X06617_at,RPS11
X07979_at,ITGB1
X12447_at,ALDOA
X12671_rna1_at,HNRNPA1
X13238_at,COX6C
X13546_rna1_at,HMGN2
X13794_rna1_at,LDHB
X14684_s_at,SSB
X15183_at,HSP90AA1
X15341_at,COX6A1
X15729_s_at,DDX5
X15822_at,COX7A2
X15940_at,RPL31
X16064_at,TPT1
X16135_at,HNRNPL
X16560_at,COX7C
X17206_at,RPS2
X51345_at,JUNB
X51466_at,EEF2
X51521_at,EZR
X52851_rna1_at,PPIA
X52966_at,RPL35A
X53331_at,MGP
X53416_at,FLNA
X53777_at,RPL17
X55715_at,RPS3
X55954_at,RPL23
X56468_at,YWHAQ
X56681_s_at,JUND
X56841_at,HLA-E
X56932_at,RPL13A
X56997_rna1_at,UBA52
X57152_rna1_s_at,CSNK2B
X57346_at,YWHAB
X57351_s_at,IFITM3
X57959_at,RPL7
X59834_at,GLUL
X59892_at,WARS1
X60036_at,SLC25A3
X60221_at,ATP5PB
X60489_at,EEF1B2
X62055_at,PTPN6
X62654_rna1_at,CD63
X62691_at,RPS15A
X63527_at,RPL19
X63753_at,SON
X64707_at,RPL13
X66397_at,TPR
X67247_rna1_at,RPS8
X67698_at,NPC2
X67951_at,PRDX1
X68277_at,DUSP1
X68733_rna1_at,SERPINA3
X69150_at,RPS18
X69391_at,RPL6
X69654_at,RPS26
X69908_rna1_at,ATP5MC2
X71428_at,FUS
X71973_at,GPX4
X72727_at,HNRNPK
X72964_at,CETN2
X73460_at,RPL3
X74104_at,SSR2
X75252_at,PEBP1
X75861_at,TMBIM6
X76013_at,QARS1
X77584_at,TXN
X78136_at,PCBP2
X79234_at,RPL11
X80199_at,CASC3
X80200_at,TRAF4
X80822_at,RPL18A
X80909_at,NACA
X81817_at,BCAP31
X82456_at,LASP1
X83492_at,FAS
X85116_rna1_s_at,STOM
X85785_rna1_at,ACKR1
X87838_at,CTNNB1
X91257_at,SARS1
X95404_at,CFL1
X95586_at,PSMB5
X98482_r_at,
X99688_at,PSD
Y00282_at,RPN2
Y00433_at,RHOA
Y00764_at,UQCRH
Y08614_at,XPO1
Y09616_at,CES2
Z12962_at,RPL41
Z19554_s_at,VIM
Z21507_at,EEF1D
Z23090_at,HSPB1
Z25749_rna1_at,RPS7
Z26491_s_at,COMT
Z26876_at,RPL38
Z28407_at,RPL8
Z35093_at,SURF1
Z37166_at,DDX39B
Z48501_s_at,PABPC1
Z48950_at,H3-3B
Z49148_s_at,RPL29
Z70759_at,MT-RNR1
